,Tweet,State,IsFlorida
2016-12-16 23:16:14,Leave it to Wisconsinites to be falling down drunk at 5 pm during a winter storm warning #wisconsin #StateoftheState,WI,0
2016-12-16 23:15:58,RT @amrightnow: #realdonaldtrump #VoteTrump2016 Watch https://t.co/j58e8aacrE #WisconsinPrimary #Wisconsin #Wisconsinpoll https://t.co/TGX9‚Ä¶,WI,0
2016-12-16 23:15:05,"RT @DonnaWR8: #BREAKING #BreakingNews 

#Michigan, #Pennsylvania and #Wisconsin Recounts All Have Revealed The Following About The #DNC &amp; #‚Ä¶",WI,0
2016-12-16 23:12:50,"Sitting at work, awaiting finding out just how bad the snow is... at 7pm, in two hours. Weee #Wisconsin",WI,0
2016-12-16 23:10:55,"RT @EricTrump: The Sad Truth: The Cost Of Stein/Clinton's #Wisconsin Vote Recount Could Have Saved At Least 5,000 Children's Lives https://‚Ä¶",WI,0
2016-12-16 23:10:17,Since Upeople r turning aside just (me) as thing of naught #gopdebate @FoxNews #wisconsin https://t.co/Oopi4v6lRe https://t.co/HPjZtYGJYK,WI,0
2016-12-16 23:07:41,#Wisconsin #Milwaukee #Madison Dane County snowmobile trails open Friday https://t.co/puCpT8EjeW,WI,0
2016-12-16 23:06:42,Look at this crap!! #snowday #Wisconsin https://t.co/TAJbfplnxG,WI,0
2016-12-16 23:05:45,"RT @RLJSlick: Maybe a bit more than 2"" of snow fall in Caledonia east of Franksville 
@jnelsonweather 

#Wiwx #weather #Wisconsin https://t‚Ä¶",WI,0
2016-12-16 23:05:43,#GreenBay #Wisconsin Dec 16 16:53 Temperature 15¬∞F light snow Humidity 80% .. https://t.co/9Ul56OoZbV,WI,0
2016-12-16 23:04:58,"Maybe a bit more than 2"" of snow fall in Caledonia east of Franksville 
@jnelsonweather 

#Wiwx #weather #Wisconsin https://t.co/ha5a1gR6B9",WI,0
2016-12-16 23:04:43,RT @marcvanommeren: PSA for #Wisconsin drivers: Turn your lights on. #wiwx #winterstorm,WI,0
2016-12-16 23:03:32,"RT @DonnaWR8: #BREAKING #BreakingNews 

#Michigan, #Pennsylvania and #Wisconsin Recounts All Have Revealed The Following About The #DNC &amp; #‚Ä¶",WI,0
2016-12-16 23:03:05,"RT @SchoolChoiceWI: See the life-changing stories of ""Faces of choice in Wisconsin."" #edureform #schools #wisconsin #schoolchoicewi https:/‚Ä¶",WI,0
2016-12-16 23:01:44,RT @amrightnow: #realdonaldtrump #VoteTrump2016 Watch https://t.co/j58e8aacrE #WisconsinPrimary #Wisconsin #Wisconsinpoll https://t.co/TGX9‚Ä¶,WI,0
2016-12-16 23:01:37,"Can you recommend anyone for this #job? Customer Service Representative - https://t.co/Pk6DAiJ9UC #Calumet #wisconsin #Chilton, WI",WI,0
2016-12-16 23:01:02,"RT @DonnaWR8: #BREAKING #BreakingNews 

#Michigan, #Pennsylvania and #Wisconsin Recounts All Have Revealed The Following About The #DNC &amp; #‚Ä¶",WI,0
2016-12-16 23:00:45,#realdonaldtrump #VoteTrump2016 Watch https://t.co/j58e8aacrE #WisconsinPrimary #Wisconsin #Wisconsinpoll https://t.co/TGX9OV5x5l,WI,0
2016-12-16 22:59:52,RT @DillionHarper: Being dorky in the snow #Wisconsin #blizzard #WinterWonderland üéÑüéÑüéÑ #Dillionaires https://t.co/PifenIWq1E,WI,0
2016-12-16 22:58:37,#wisconsin diet for money zahlungsarten saturn online shop,WI,0
2016-12-16 22:57:52,Still Snowing #Wisconsin #Winter #Snow #lifeinthecastle https://t.co/q9BlkMFdIm,WI,0
2016-12-16 22:56:51,#wisconsin beach vacations vrbo villa la estancia,WI,0
2016-12-16 22:55:49,"RT @SchoolChoiceWI: See the life-changing stories of ""Faces of choice in Wisconsin."" #edureform #schools #wisconsin #schoolchoicewi https:/‚Ä¶",WI,0
2016-12-16 22:54:00,"Industry jobs up in Wisconsin, 33 other states in November  #Wisconsin #WI https://t.co/gXuAJL3H4s",WI,0
2016-12-16 22:52:43,@jaketapper @RepSeanDuffy why did local GOP city officials collude to cut early voting hours @uwgb bc students tend to be liberal #Wisconsin,WI,0
2016-12-16 22:52:06,"RT @SchoolChoiceWI: See the life-changing stories of ""Faces of choice in Wisconsin."" #edureform #schools #wisconsin #schoolchoicewi https:/‚Ä¶",WI,0
2016-12-16 22:49:41,"RT @TheBullWrestler: Today is the day! #TheBelgianBull vs. the #Loudmouth from #Wisconsin 
@mrkenanderson !
#wawtv5‚Ä¶ https://t.co/DEsqALkGBn",WI,0
2016-12-16 22:48:45,RT @pmishkar87: At sunset. #photography #sunset #Travel #Wisconsin #nature https://t.co/xbCPevSf4z,WI,0
2016-12-16 22:47:03,#Wisconsin #Milwaukee #Madison UW identifies flu strain affecting NYC shelter cats as H7N2 influenza https://t.co/qkqOsJO0FQ,WI,0
2016-12-16 22:47:02,#Wisconsin #Milwaukee #Madison Northwoods Tour project helps preserve everyone‚Äôs history https://t.co/YujCZJrO4o,WI,0
2016-12-16 22:45:06,#GreenBay #Wisconsin Dec 16 16:28 Temperature 15¬∞F light snow Humidity 80% .. https://t.co/9Ul56OoZbV,WI,0
2016-12-16 22:44:45,"Ahhhhhhhhhh, #Wisconsin So much to love, so much to hate. https://t.co/agwHn8JfWG",WI,0
2016-12-16 22:43:10,"The snow is falling here in #Princeton #Wisconsin. The #FoxRiverValley is expecting around 16in (41cm) of snow. 
20‚Ä¶ https://t.co/DtxqGPNG86",WI,0
2016-12-16 22:42:51,#wisconsin healthy weight loss nike high heels online shop nederland,WI,0
2016-12-16 22:42:38,Inside a snow globe. #Wisconsin #WinterIsComing #Winter #Snow https://t.co/4FRDWspMFl,WI,0
2016-12-16 22:40:34,Wonderful sunsets #sunset #devilslake #lake #wisconsin https://t.co/KyVjb3AAZy,WI,0
2016-12-16 22:39:58,RT @pmishkar87: Awakening. #photography #Travel #Wisconsin #hiking #nature https://t.co/zmTUFEjKsY,WI,0
2016-12-16 22:38:25,"Despite cold temperatures, ice is not thick enough to be safe. This example today from Rice Lake. #Wisconsin‚Ä¶ https://t.co/uu8j5QoThR",WI,0
2016-12-16 22:35:01,RT @DillionHarper: Being dorky in the snow #Wisconsin #blizzard #WinterWonderland üéÑüéÑüéÑ #Dillionaires https://t.co/PifenIWq1E,WI,0
2016-12-16 22:34:49,"See the life-changing stories of ""Faces of choice in Wisconsin."" #edureform #schools #wisconsin #schoolchoicewi‚Ä¶ https://t.co/EvxKU7nvo5",WI,0
2016-12-16 22:34:34,#wisconsin diet for money home shopping games online,WI,0
2016-12-16 22:34:23,RT @pmishkar87: Awakening. #photography #Travel #Wisconsin #hiking #nature https://t.co/zmTUFEjKsY,WI,0
2016-12-16 22:34:14,RT @amrightnow: #trump2016 Make Video (Trump About You) https://t.co/j58e8aacrE #WisconsinPrimary #Wisconsin #Wisconsinpoll https://t.co/Mc‚Ä¶,WI,0
2016-12-16 22:33:31,"[JOB OPENING] #Madison  Communications Director based in Madison, #Wisconsin https://t.co/GMAwdYx0n1 @AmerHeartWisc",WI,0
2016-12-16 22:31:59,"RT @ChristiChat: Trump offered Hillary 5 cents on the dollar for her cancelled election night fireworks üòÇ

#ThankYouTour2016
#Wisconsin #MA‚Ä¶",WI,0
2016-12-16 22:31:35,People driving out here like their not from #Wisconsin https://t.co/ToUULKhmUM,WI,0
2016-12-16 22:31:21,Mom just brought me this spread unprompted. #Wisconsin #truelove https://t.co/GUAhpDx9Ix,WI,0
2016-12-16 22:30:51,Glad I am home before I had to deal with this #Wisconsin https://t.co/4u6xPj2u5O,WI,0
2016-12-16 22:30:23,#trump2016 Make Video (Trump About You) https://t.co/j58e8aacrE #WisconsinPrimary #Wisconsin #Wisconsinpoll https://t.co/McnDPWrR1j,WI,0
2016-12-16 22:29:20,How do you want to ride? In a free Lyft? 10 free rides Go to payment screen &amp; enter: SYRUP *** Racine County #Wisconsin,WI,0
2016-12-16 22:29:08,Suspended UW-Madison student faces 6 new charges involving 5 women #Wisconsin(via @intweetiv) https://t.co/l1jxEdZMDU,WI,0
2016-12-16 22:28:45,"RT @amrightnow: ""The Real Trump"" Make Video #1 Trump About You) https://t.co/j58e8aacrE #WisconsinPrimary #Wisconsin #Wisconsinpoll https:/‚Ä¶",WI,0
2016-12-16 22:27:31,"RT @amrightnow: ""The Real Trump"" Make Video #1 Trump About You) https://t.co/j58e8aacrE #WisconsinPrimary #Wisconsin #Wisconsinpoll https:/‚Ä¶",WI,0
2016-12-16 22:26:55,RT @pmishkar87: Vision in white. #WinterWonderland #photography #travelpics #sunset #Wisconsin https://t.co/4kDiMhbhkH,WI,0
2016-12-16 22:26:52,RT @pmishkar87: Awakening. #photography #Travel #Wisconsin #hiking #nature https://t.co/zmTUFEjKsY,WI,0
2016-12-16 22:26:11,"Great recap from Mike Fisher about the rich year of #theatre we enjoyed in #Wisconsin in 2016. Here's to many more! 
https://t.co/UzAPGL6zE3",WI,0
2016-12-16 22:25:50,#WhiteGenocide #DeplorablesRising #Wisconsin #Deplorables https://t.co/dP9bFBDJZV,WI,0
2016-12-16 22:25:07,#GreenBay #Wisconsin Dec 16 16:10 Temperature 15¬∞F light snow Humidity 75% .. https://t.co/9Ul56OoZbV,WI,0
2016-12-16 22:24:18,#wisconsin exercise weight loss servo motor online shop,WI,0
2016-12-16 22:22:01,RT @amrightnow: #TheRealDonaldTrump #WisconsinPrimary #Wisconsin #Wisconsinpoll  #ISIS #SyrianRefugees https://t.co/j58e8aacrE https://t.co‚Ä¶,WI,0
2016-12-16 22:21:40,Lyft $50 Ride Credit with Lyft Coupon Code Lyft Promotional Code PINS *** Washburn County #Wisconsin,WI,0
2016-12-16 22:21:07,Your southern #Wisconsin radar view. #wiwx @WISCTV_News3 https://t.co/eIWsWjuiba,WI,0
2016-12-16 22:20:47,"RT @amrightnow: ""The Real Trump"" Make Video #1 Trump About You) https://t.co/j58e8aacrE #WisconsinPrimary #Wisconsin #Wisconsinpoll https:/‚Ä¶",WI,0
2016-12-16 22:20:21,"""The Real Trump"" Make Video #1 Trump About You) https://t.co/j58e8aacrE #WisconsinPrimary #Wisconsin #Wisconsinpoll https://t.co/DvV8wRjq5Y",WI,0
2016-12-16 22:18:44,"Winter wonderland. ‚ò∫
.
.
.
#JohnsonControls #snow #westallis #wisconsin #wisconsinwinter #winter‚Ä¶ https://t.co/H51FmEdxYJ",WI,0
2016-12-16 22:16:16,#wisconsin law flipkart books online shopping,WI,0
2016-12-16 22:15:20,Tonight we debut a new #dessert menu featuring a #WisconsinCheese plate! https://t.co/7rLxdJWO6R #Wisconsin #Cheese #SupperClub #Chicago,WI,0
2016-12-16 22:13:30,"My ""it's cold AF"" face üò≥ #wisconsin #madison #revoiced https://t.co/IUdIQiHPy6",WI,0
2016-12-16 22:12:31,#wisconsin real estate attorney boiler manufacturers training courses,WI,0
2016-12-16 22:10:02,#GreenBay #Wisconsin Dec 16 15:53 Temperature 15¬∞F light snow Humidity 75% .. https://t.co/9Ul56OoZbV,WI,0
2016-12-16 22:08:45,RT @amrightnow: #TheRealDonaldTrump #WisconsinPrimary #Wisconsin #Wisconsinpoll  #ISIS #SyrianRefugees https://t.co/j58e8aacrE https://t.co‚Ä¶,WI,0
2016-12-16 22:07:22,#TheRealDonaldTrump #WisconsinPrimary #Wisconsin #Wisconsinpoll  #ISIS #SyrianRefugees https://t.co/j58e8aacrE https://t.co/OpSPf05EYU,WI,0
2016-12-16 22:05:18,"Heavy #snow falling on #Milwaukee, #Wisconsin right now. Expecting conditions to get worse this evening as the‚Ä¶ https://t.co/SttZl7W6mi",WI,0
2016-12-16 22:04:35,Just download Lyft &amp; enter payment code to get free Lyfts LyftOfferCode SYRUP *** Marathon County #Wisconsin,WI,0
2016-12-16 22:04:08,#wisconsin law cheap online reptile shop uk,WI,0
2016-12-16 22:02:39,RT @DillionHarper: Being dorky in the snow #Wisconsin #blizzard #WinterWonderland üéÑüéÑüéÑ #Dillionaires https://t.co/PifenIWq1E,WI,0
2016-12-16 22:02:21,Eye to the sky watching for #WSBailey #snow #Wisconsin #snowblowerready ‚ùÑÔ∏è‚ùÑÔ∏è‚ùÑÔ∏èDay351üëî https://t.co/BXRkxs28Ea,WI,0
2016-12-16 22:01:27,"We're #hiring! Read about our latest #job opening here: Laboratory Technologist - https://t.co/TujxtOF7cY #Calumet #wisconsin #Chilton, WI",WI,0
2016-12-16 21:55:16,RT @RepSeanDuffy: .@RCamposDuffy &amp; I were on @foxandfriends to discuss how #Wisconsin leaders are ready to work with @realDonaldTrump https‚Ä¶,WI,0
2016-12-16 21:55:12,#GreenBay #Wisconsin Dec 16 15:00 Temperature 17¬∞F overcast Humidity 74% .. https://t.co/9Ul56OoZbV,WI,0
2016-12-16 21:54:47,RT @heytana: #Wisconsin loved having you tonight @realDonaldTrump #ThankYouTour2016 https://t.co/pX5zJgRDqT,WI,0
2016-12-16 21:53:06,RT @marcvanommeren: PSA for #Wisconsin drivers: Turn your lights on. #wiwx #winterstorm,WI,0
2016-12-16 21:51:45,Get 10 free Lyfts with this new lyft code Use Lyft Promotional Code: LINX *** Rusk County #Wisconsin,WI,0
2016-12-16 21:51:35,RT @DillionHarper: Being dorky in the snow #Wisconsin #blizzard #WinterWonderland üéÑüéÑüéÑ #Dillionaires https://t.co/PifenIWq1E,WI,0
2016-12-16 21:51:20,RT @DillionHarper: Being dorky in the snow #Wisconsin #blizzard #WinterWonderland üéÑüéÑüéÑ #Dillionaires https://t.co/PifenIWq1E,WI,0
2016-12-16 21:51:10,#wisconsin - whitewater kpop shop online di indonesia,WI,0
2016-12-16 21:50:55,#BackTheBlue #StandUpForEurope #Wisconsin https://t.co/7PXyBoOkdX,WI,0
2016-12-16 21:49:03,Appealing a Conviction After Pleading Guilty to Domestic Battery in Wisconsin: A Success Story‚Ä¶ https://t.co/7ES6AJ5bGF,WI,0
2016-12-16 21:48:53,Life of the #amish in #wisconsin is quite fascinating! I wonder how they survive in the cold‚Ä¶ https://t.co/txyHoTmpky,WI,0
2016-12-16 21:48:04,"Here's a member of the #Wisconsin #electoralcollege whose response to WI voters is ""I don‚Äôt take them seriously"".‚Ä¶ https://t.co/s161tw9aNr",WI,0
2016-12-16 21:47:49,RT @DillionHarper: Being dorky in the snow #Wisconsin #blizzard #WinterWonderland üéÑüéÑüéÑ #Dillionaires https://t.co/PifenIWq1E,WI,0
2016-12-16 21:46:23,. # G√©oing√©nierie #lacrosse #Wisconsin https://t.co/TqUrQ01T7i #OpChemPBA,WI,0
2016-12-16 21:42:52,That would be AWESOME! And there's so much #momentum to get us to a #traumainformed #Wisconsin! Thanks‚Ä¶ https://t.co/yiqKri06hT,WI,0
2016-12-16 21:42:11,"RT @CJFinNM: What Americans c happening in North Carolina by Republicans will be the norm soon. Both #Kansas, #Wisconsin already belong to‚Ä¶",WI,0
2016-12-16 21:41:31,PSA for #Wisconsin drivers: Turn your lights on. #wiwx #winterstorm,WI,0
2016-12-16 21:41:08,#seanduffy #Wisconsin you are as #ignorant as you look @CNN @TheLeadCNN  #hatersbackoff #racist #bigot #LGBT https://t.co/BKmUDdcsI6,WI,0
2016-12-16 21:39:32,RT @pmishkar87: Vision in white. #WinterWonderland #photography #travelpics #sunset #Wisconsin https://t.co/4kDiMhbhkH,WI,0
2016-12-16 21:39:26,RT @pmishkar87: Awakening. #photography #Travel #Wisconsin #hiking #nature https://t.co/zmTUFEjKsY,WI,0
2016-12-16 21:39:22,RT @DillionHarper: Being dorky in the snow #Wisconsin #blizzard #WinterWonderland üéÑüéÑüéÑ #Dillionaires https://t.co/PifenIWq1E,WI,0
2016-12-16 21:39:05,Gonna be snowed in all weekend. Any ideas on how to occupy myself? #snowweekend #wisconsin,WI,0
2016-12-16 23:16:11,"Travel Rn Registered Nurse Icu In Spring Hill Florida Jobs in Jacksonville, FLORIDA #Jacksonville #FLORIDA https://t.co/9Al9swmzZz",FL,1
2016-12-16 23:15:49,"RT @LindaSuhler: üá∫üá∏#PEOTUS Donald J. Trump **TODAY**
#ThankYouTour2016 #Florida
üí•Orlando, FL
7 PM ET 
#AmericaFirst #MAGAüá∫üá∏ 
https://t.co/D‚Ä¶",FL,1
2016-12-16 23:15:22,"RT @LindaSuhler: üá∫üá∏#PEOTUS Donald J. Trump **TODAY**
#ThankYouTour2016 #Florida
üí•Orlando, FL
7 PM ET 
#AmericaFirst #MAGAüá∫üá∏ 
https://t.co/D‚Ä¶",FL,1
2016-12-16 23:15:10,Miami police turn investigation of missing guns over to state #Florida #HiTechCJ https://t.co/1MCjW0HmPn,FL,1
2016-12-16 23:15:07,Jellies!!! #beachtrip #Florida #wildlife https://t.co/DH1GQpGBlz,FL,1
2016-12-16 23:15:06,RT @1click3dprint: Visit our Website: https://t.co/Ol7fBsf59y #followme #Miami #florida #website #3dprinting #3dprint #3D #3dprinted,FL,1
2016-12-16 23:14:19,"RT @IreneSans: This #weekend: Frigid #cold for much of the U.S., except in #Florida, of course. #weather https://t.co/Mwfh6a7zrY",FL,1
2016-12-16 23:13:58,Where to #eat and #drink on New Year's Eve in South #Florida https://t.co/4rAKWgXbOJ @Miamicom https://t.co/yZZZSsjeqC,FL,1
2016-12-16 23:13:49,üè†‚≠ê17 Bids- 154000 Annual Club Wyndham Points Ocean Walk Daytona Beach #Florida #Realtor https://t.co/abjMhV9PdT‚Ä¶ https://t.co/TDwukVVraW,FL,1
2016-12-16 23:13:43,"""Inch Up"" by  The New Rulers is now playing on SKAspotRadio. Tune in at https://t.co/s78V5yQEcx #florida #ska",FL,1
2016-12-16 23:13:41,"""Inch Up"" by  The New Rulers is now playing on SKAspotRadio. Tune in at https://t.co/G2no54J1kC #florida #ska",FL,1
2016-12-16 23:13:40,RT @TheBoatCapt: Nothing puts a #smileonyourface like a #redfish in the #morning #awesomeday  #saltwaterfishing #flatsfishing #florida #pin‚Ä¶,FL,1
2016-12-16 23:13:21,RT @WildeOscarCat: Save this precious dear -- BLITZEN NEEDS U NOW!!!!!   https://t.co/dHGeDUZ4el ‚Ä¶ #TAMPABAY #FL #FLORIDA #CATS,FL,1
2016-12-16 23:12:00,giving me the eyes üëÄ #Florida #buschgardens #hippo @ Busch Gardens Tampa Bay https://t.co/LAT79K8ngN,FL,1
2016-12-16 23:11:59,#lionking #hakunamatata #disney #disneyworld #orlando #fl #florida #magickingdom‚Ä¶ https://t.co/lpsZSXIoef,FL,1
2016-12-16 23:11:52,RT @Info_Nuble: #Florida Ruta N48 Frente a Serviteca Florida Colision por Alcance de Dos Vehiculos Menores #Info√ëuble https://t.co/ueHtX4OR‚Ä¶,FL,1
2016-12-16 23:11:47,"Best Homeowners Insurance In Florida
#Florida #USA #Homeowners #Insurance
#Florida #USA #insurefloridians Submit... https://t.co/zdRoxvQDLP",FL,1
2016-12-16 23:11:02,#newedge #luxury #jmlifestyles #florida photo by anitekmedia #restaurant #bar #louisbossi @ Boca‚Ä¶ https://t.co/fngAIhLvjM,FL,1
2016-12-16 23:11:01,"""For Another Man"" by  Magadog with Greg Lee is now playing on SKAspotRadio. Tune in at https://t.co/s78V5yQEcx #florida #ska",FL,1
2016-12-16 23:10:59,"""For Another Man"" by  Magadog with Greg Lee is now playing on SKAspotRadio. Tune in at https://t.co/G2no54J1kC #florida #ska",FL,1
2016-12-16 23:10:58,"RT @LindaSuhler: üá∫üá∏#PEOTUS Donald J. Trump **TODAY**
#ThankYouTour2016 #Florida
üí•Orlando, FL
7 PM ET 
#AmericaFirst #MAGAüá∫üá∏ 
https://t.co/D‚Ä¶",FL,1
2016-12-16 23:10:26,Gobernador de #Florida pide renuncia de directivo tras pol√©mico contrato con #Pitbull https://t.co/FEu1Cyt9rI https://t.co/HB7yC3FAKj,FL,1
2016-12-16 23:10:17,Visit our Website: https://t.co/Ol7fBsf59y #followme #Miami #florida #website #3dprinting #3dprint #3D #3dprinted,FL,1
2016-12-16 23:10:14,"RT @NadelParis: @davidaxelrod U all gave way too much credit2 #rustbelt, #Ohio, #Florida constituents. Ate up #wikileaks #RussiaGate libel.‚Ä¶",FL,1
2016-12-16 23:10:14,Gobernador de #Florida pide renuncia de directivo tras pol√©mico contrato con #Pitbull https://t.co/UYBR3Det0v https://t.co/bWCiPalMuA,FL,1
2016-12-16 23:10:13,Gobernador de #Florida pide renuncia de directivo tras pol√©mico contrato con #Pitbull https://t.co/OCHHSLsRUV https://t.co/rDDoLLzW2t,FL,1
2016-12-16 23:10:02,#lionking #disney #disneyworld #orlando #fl #florida #animalkingdom #happiestplaceonearth‚Ä¶ https://t.co/qE7JuZRZRo,FL,1
2016-12-16 23:09:48,RT @brendenbass: 3 more shows this weekend with @Passafire üîäüîäüéµüéµhttps://t.co/VJ0aFpVLRj #Florida #sc #foh #audio https://t.co/QRP1gQdigu,FL,1
2016-12-16 23:09:28,#florida international university phone number used cars 0 interest,FL,1
2016-12-16 23:09:24,Miami-Dade Largest Vegan &amp; Vegetarian Restaurant is Black Owned &amp; Delicious! https://t.co/i4AeafDCSm via @HungryBlackMan1 #Miami #Florida,FL,1
2016-12-16 23:09:20,"RT @NadelParis: @davidaxelrod U all gave way too much credit2 #rustbelt, #Ohio, #Florida constituents. Ate up #wikileaks #RussiaGate libel.‚Ä¶",FL,1
2016-12-16 23:09:18,"RT @LindaSuhler: üá∫üá∏#PEOTUS Donald J. Trump **TODAY**
#ThankYouTour2016 #Florida
üí•Orlando, FL
7 PM ET 
#AmericaFirst #MAGAüá∫üá∏ 
https://t.co/D‚Ä¶",FL,1
2016-12-16 23:09:07,#florida wheelchair van rentals huawei ascend p1 shop online,FL,1
2016-12-16 23:08:56,#florida hotel and conference center orlando fl max brenner online shop australia,FL,1
2016-12-16 23:08:49,RT @SeminoleBuzz: The latest Seminole Breaking News! https://t.co/MlRurUlF1W Thanks to @buzzinorlando @FLGovScott @BaezLaw #orlando #florida,FL,1
2016-12-16 23:08:35,"RT @LindaSuhler: üá∫üá∏#PEOTUS Donald J. Trump **TODAY**
#ThankYouTour2016 #Florida
üí•Orlando, FL
7 PM ET 
#AmericaFirst #MAGAüá∫üá∏ 
https://t.co/D‚Ä¶",FL,1
2016-12-16 23:08:31,"#FutsalFifaSanlorenzano Hoy vamos a conocer al campe√≥n
#LosMejores vs. #LosAlemanes
#Florida vs. #UASS
#LaUni√≥n vs.‚Ä¶ https://t.co/jVriE7AB6x",FL,1
2016-12-16 23:08:18,#florida wheelchair van rentals voswinkel online shop,FL,1
2016-12-16 23:08:16,"#florida #loveterracial #loving #undressing #bitchesbelike #bigbutt #beauty 

---&gt; https://t.co/UwXfuPSdJe https://t.co/fNrPmdtFVF",FL,1
2016-12-16 23:08:07,#lionking #disney #disneyworld #orlando #fl #florida #animalkingdom #happiestplaceonearth‚Ä¶ https://t.co/kdBCtHIRNd,FL,1
2016-12-16 23:08:01,#florida prescription drug card dc shoes indonesia online shop,FL,1
2016-12-16 23:07:52,"RT @LindaSuhler: üá∫üá∏#PEOTUS Donald J. Trump **TODAY**
#ThankYouTour2016 #Florida
üí•Orlando, FL
7 PM ET 
#AmericaFirst #MAGAüá∫üá∏ 
https://t.co/D‚Ä¶",FL,1
2016-12-16 23:07:51,#florida weight loss ranches lotte mart online shopping korea,FL,1
2016-12-16 23:07:49,RT @parthabha: #Clearwater #Florida - #20 Best #Beach in the World - Travellers' Choice Awards - https://t.co/OgrTP7EXok https://t.co/bm7MJ‚Ä¶,FL,1
2016-12-16 23:07:35,"""Hardshell"" by  Skif Dank is now playing on SKAspotRadio. Tune in at https://t.co/s78V5yQEcx #florida #ska",FL,1
2016-12-16 23:07:33,"""Hardshell"" by  Skif Dank is now playing on SKAspotRadio. Tune in at https://t.co/G2no54J1kC #florida #ska",FL,1
2016-12-16 23:07:14,"RT @LindaSuhler: üá∫üá∏#PEOTUS Donald J. Trump **TODAY**
#ThankYouTour2016 #Florida
üí•Orlando, FL
7 PM ET 
#AmericaFirst #MAGAüá∫üá∏ 
https://t.co/D‚Ä¶",FL,1
2016-12-16 23:06:35,"RT @LindaSuhler: üá∫üá∏#PEOTUS Donald J. Trump **TODAY**
#ThankYouTour2016 #Florida
üí•Orlando, FL
7 PM ET 
#AmericaFirst #MAGAüá∫üá∏ 
https://t.co/D‚Ä¶",FL,1
2016-12-16 23:06:27,The latest Seminole Breaking News! https://t.co/MlRurUlF1W Thanks to @buzzinorlando @FLGovScott @BaezLaw #orlando #florida,FL,1
2016-12-16 23:06:02,#florida board of bar examiners investigative hearing bjorn borg online shop bikini,FL,1
2016-12-16 23:06:00,RT @WildeOscarCat: https://t.co/LLaEEgSroN #TAMPABAY #FL #FLORIDA #CATS,FL,1
2016-12-16 23:05:58,"Great story, I'm just a little disappointed it's not a #Florida story @craigtimes 
https://t.co/hRejiEt3cF",FL,1
2016-12-16 23:05:52,"RT @bartacolife: ""Had a delicious #lunch here today! We look forward to the next time. #bartacolife #Orlando #Florida #tacos"" - üì∑: @tapasli‚Ä¶",FL,1
2016-12-16 23:05:48,#Tallahassee #Florida Dec 16 17:53 Temperature 64¬∞F clouds Humidity 65% .. https://t.co/gPIMbkkpqm,FL,1
2016-12-16 23:05:39,#Tampa #Florida Dec 16 17:53 Temperature 75¬∞F cloudless Humidity 55% .. https://t.co/HcLrfuM7ge,FL,1
2016-12-16 23:05:34,"Weather: Current Conditions : 76.7F, Clear - 5:59 PM EST Dec. 16 https://t.co/GhOAhCGQuD #KeyWest #Florida",FL,1
2016-12-16 23:05:33,#Miami #Florida Dec 16 17:53 Temperature 78¬∞F clouds Wind E 15 km/h  Humidity 55% .. https://t.co/1yfndVPxLX,FL,1
2016-12-16 23:05:21,"RT @NadelParis: @davidaxelrod U all gave way too much credit2 #rustbelt, #Ohio, #Florida constituents. Ate up #wikileaks #RussiaGate libel.‚Ä¶",FL,1
2016-12-16 23:05:20,#FlashbackFriday #video tour of @SMASHComicGames in #Sanford #Florida https://t.co/9Hn1RjLLSa,FL,1
2016-12-16 23:05:11,#Orlando #Florida Dec 16 17:53 Temperature 69¬∞F few clouds Wind E 13 km/h  Humidity 70% .. https://t.co/f74vQBoZ8h,FL,1
2016-12-16 23:05:08,"""Had a delicious #lunch here today! We look forward to the next time. #bartacolife #Orlando #Florida #tacos"" - üì∑:‚Ä¶ https://t.co/34DwSovDFP",FL,1
2016-12-16 23:04:30,"Fun #stickers in the #mail today #december #florida #friday moonandmountaindesigns @ Clearwater,‚Ä¶ https://t.co/CjrqoPupXI",FL,1
2016-12-16 23:04:24,@tallEmily62 #Florida,FL,1
2016-12-16 23:04:15,RT @WildeOscarCat: Save this precious dear -- BLITZEN NEEDS U NOW!!!!!   https://t.co/dHGeDUZ4el ‚Ä¶ #TAMPABAY #FL #FLORIDA #CATS,FL,1
2016-12-16 23:04:13,"Travel Rn Registered Nurse Or In Gainesville Jobs in Jacksonville, FLORIDA #Jacksonville #FLORIDA #jobs #jobsearch https://t.co/Qk1xTheXSE",FL,1
2016-12-16 23:04:09,"""Rock My Way"" by  The Know How is now playing on SKAspotRadio. Tune in at https://t.co/s78V5yQEcx #florida #ska",FL,1
2016-12-16 23:04:07,"""Rock My Way"" by  The Know How is now playing on SKAspotRadio. Tune in at https://t.co/G2no54J1kC #florida #ska",FL,1
2016-12-16 23:04:01,#Clearwater #Florida - #20 Best #Beach in the World - Travellers' Choice Awards - https://t.co/OgrTP7EXok https://t.co/bm7MJemItS,FL,1
2016-12-16 23:03:50,Breathtaking moment #Florida #photography #iphone #vsco #amazing #instagram #naples #iphone7 #youtube #fridayfavs‚Ä¶ https://t.co/vteTwesIFX,FL,1
2016-12-16 23:03:11,Dec Issue #NWOGolfLInks Features @GolfLIfeNav wth #Florida #Golf #Retirement advice https://t.co/LJDWp0YOAB @jhbecker2020 @lynnjosephson,FL,1
2016-12-16 23:03:07,RT @sjervewfla: Lakeland sunset this evening from Toni Colon. #Florida @WFLA https://t.co/eDcHIE3bcz,FL,1
2016-12-16 23:02:53,CAPE CORAL FL USA - Solo Team CDL-A Jobs - CDL-A Solo or Team Drivers Apply OTR Regional Positions... https://t.co/4vfwWD11du #FLORIDA #JOB,FL,1
2016-12-16 23:02:33,Fort Myers FL USA - Administrative Assistant Needed ASAP - #Job Description We are now hiring for a sel... https://t.co/6jV2HxPOnW #FLORIDA,FL,1
2016-12-16 23:02:26,RT @WildeOscarCat: https://t.co/LLaEEgSroN #TAMPABAY #FL #FLORIDA #CATS,FL,1
2016-12-16 23:02:11,"RT @LindaSuhler: üá∫üá∏#PEOTUS Donald J. Trump **TODAY**
#ThankYouTour2016 #Florida
üí•Orlando, FL
7 PM ET 
#AmericaFirst #MAGAüá∫üá∏ 
https://t.co/D‚Ä¶",FL,1
2016-12-16 23:02:02,"Life isn't about waiting for the storm to pass, it's about learning to dance in the rain #Florida! https://t.co/CjyHysa91P",FL,1
2016-12-16 23:01:57,"@mstdawn2 @FLGovScott @GovernorPerry he was apart of it , help tamper with our election system #Florida #DMV computers were down 19hrs",FL,1
2016-12-16 23:01:53,"RT @NadelParis: @davidaxelrod U all gave way too much credit2 #rustbelt, #Ohio, #Florida constituents. Ate up #wikileaks #RussiaGate libel.‚Ä¶",FL,1
2016-12-16 23:01:22,#PensacolaBeach #Florida @SocialNewsCorp https://t.co/YrdVzjfHYJ Via #Twitter @Beach_Network,FL,1
2016-12-16 23:01:17,We carry cutting edge fabrics  #InteriorDesign #Design #Home #WindowTreatments #Florida #HomeDecor https://t.co/zxbPdg4Hry,FL,1
2016-12-16 23:01:15,#florida gov llc youtube workout motivation,FL,1
2016-12-16 23:01:15,#Gators #gatorwrestling #gatorwhispers #Florida https://t.co/9dcLHXEXtk,FL,1
2016-12-16 23:01:10,#Holiday fun at @LBVResort #hotels #florida #bestvacationever https://t.co/CsQjs4IKHM,FL,1
2016-12-16 23:01:03,Together we make #Broward County #Florida a better and safer place to live! https://t.co/yUz75iAwMM,FL,1
2016-12-16 23:01:03,"""I Don't Even Know"" by  The Freecoasters is now playing on SKAspotRadio. Tune in at https://t.co/s78V5yQEcx #florida #ska",FL,1
2016-12-16 23:01:03,COWABUNGGGA üåäüåäüåäüèÑüèøüèÑüèøüèÑüèøüèÑüèø... .. #fishbowl #stonergang #stoner #hippie #florida #toronto #hiphop‚Ä¶ https://t.co/GkSODbFl5C,FL,1
2016-12-16 23:01:01,"""I Don't Even Know"" by  The Freecoasters is now playing on SKAspotRadio. Tune in at https://t.co/G2no54J1kC #florida #ska",FL,1
2016-12-16 23:00:48,RT @ScottWestFans: #FloridaMusic #Florida #Music #Miami #Jacksonville #Tampa #Orlando #TampaBay #Pizza #Beer #CraftBeer #Chocolate https://‚Ä¶,FL,1
2016-12-16 23:00:38,Have a great weekend everyone! #Atlanta #NewYork #California #Texas #Florida #weloveatl #AtlMetroNights,FL,1
2016-12-16 23:00:36,Abogado de Accidentes de #Orlando | Obtener ayuda legal #Florida #accident https://t.co/y9gbUfMwjM     #caraccident https://t.co/byRuFp95UO,FL,1
2016-12-16 23:00:27,Good Night üòçüå¥‚ù§Ô∏è#sunset #jupiter #palmtrees #floridalife #florida https://t.co/7y2cZbVcQo,FL,1
2016-12-16 23:00:24,RT @Lov3rzLov3You: Carter Hall Project Featured In #LOV3RZ Magazine Nov &amp; Dec! https://t.co/8cImRTh3M1 #BackToBotanyBay #Florida #Nevada #M‚Ä¶,FL,1
2016-12-16 23:00:23,Need a cab? Use Lyft app instead.  $50 credit. New Users. Discount Promo Code: INVITES *** Washington County #Florida,FL,1
2016-12-16 23:00:19,Have a great weekend everyone! #RDWilsonRealtor &amp; #Investor #Tampa #Florida #realestate,FL,1
2016-12-16 23:00:19,Because we know how much you love your car #Hollywood #Florida #Miami #Broward #AutoDetailing #WeComeToYou #DetailingMobil #CarWash,FL,1
2016-12-16 23:00:00,"@realDonaldTrump I'd apologize for ruining #Florida, but, you know, it's pretty far gone already. Sad.",FL,1
2016-12-16 22:59:45,"RT @NadelParis: @davidaxelrod U all gave way too much credit2 #rustbelt, #Ohio, #Florida constituents. Ate up #wikileaks #RussiaGate libel.‚Ä¶",FL,1
2016-12-16 22:59:42,M√°s de 100 personas detenidas por impulsar la trata de personas y prostituci√≥n - https://t.co/QBSQYtAiJS #EVNews‚Ä¶ https://t.co/9WfCVKYm6z,FL,1
2016-12-16 22:59:36,"üòÇüòÇüå¥‚òÄÔ∏è Sorry, this made me LOL so I had to share. #florida https://t.co/Im1t8aH4vK",FL,1
